entity_id,entity_type,is_illicit,num_wallets
0,normal,0,1
1,normal,0,3
2,normal,0,2
3,normal,0,1
4,normal,0,2
5,scam,1,11
6,normal,0,2
7,normal,0,3
8,normal,0,1
9,normal,0,2
10,normal,0,4
11,normal,0,4
12,normal,0,3
13,normal,0,2
14,normal,0,4
15,normal,0,2
16,normal,0,4
17,normal,0,3
18,normal,0,1
19,normal,0,4
20,normal,0,4
21,normal,0,2
22,darknet_market,1,15
23,normal,0,2
24,normal,0,1
25,normal,0,1
26,normal,0,2
27,normal,0,4
28,normal,0,4
29,normal,0,4
30,normal,0,4
31,darknet_market,1,12
32,normal,0,2
33,normal,0,1
34,normal,0,3
35,normal,0,4
36,normal,0,4
37,normal,0,1
38,normal,0,4
39,normal,0,3
40,normal,0,2
41,normal,0,3
42,normal,0,4
43,normal,0,4
44,normal,0,1
45,normal,0,2
46,normal,0,3
47,normal,0,4
48,normal,0,3
49,normal,0,3
50,normal,0,1
51,normal,0,2
52,normal,0,1
53,normal,0,1
54,normal,0,4
55,normal,0,2
56,normal,0,3
57,normal,0,3
58,normal,0,3
59,normal,0,1
60,normal,0,4
61,normal,0,4
62,normal,0,3
63,normal,0,1
64,normal,0,1
65,normal,0,1
66,normal,0,1
67,normal,0,2
68,normal,0,3
69,normal,0,4
70,normal,0,1
71,normal,0,2
72,normal,0,3
73,normal,0,2
74,normal,0,3
75,normal,0,4
76,normal,0,1
77,normal,0,4
78,normal,0,3
79,normal,0,2
80,normal,0,1
81,normal,0,1
82,normal,0,3
83,normal,0,4
84,normal,0,2
85,normal,0,4
86,normal,0,1
87,normal,0,2
88,normal,0,3
89,normal,0,3
90,normal,0,4
91,normal,0,3
92,normal,0,1
93,normal,0,4
94,normal,0,1
95,normal,0,2
96,normal,0,2
97,normal,0,2
98,normal,0,2
99,ransomware,1,10
100,normal,0,3
101,normal,0,4
102,normal,0,1
103,darknet_market,1,18
104,normal,0,3
105,normal,0,2
106,normal,0,2
107,normal,0,2
108,normal,0,2
109,normal,0,1
110,normal,0,3
111,normal,0,4
112,normal,0,2
113,normal,0,3
114,normal,0,3
115,normal,0,4
116,normal,0,3
117,normal,0,4
118,normal,0,2
119,normal,0,4
120,normal,0,4
121,normal,0,4
122,normal,0,2
123,normal,0,4
124,normal,0,3
125,normal,0,1
126,normal,0,3
127,normal,0,4
128,normal,0,2
129,normal,0,2
130,normal,0,4
131,normal,0,1
132,normal,0,2
133,normal,0,3
134,normal,0,2
135,normal,0,2
136,ransomware,1,5
137,normal,0,1
138,normal,0,1
139,normal,0,2
140,normal,0,2
141,normal,0,3
142,normal,0,1
143,normal,0,4
144,normal,0,3
145,normal,0,3
146,normal,0,3
147,normal,0,3
148,normal,0,2
149,normal,0,1
150,normal,0,4
151,normal,0,1
152,normal,0,3
153,normal,0,4
154,normal,0,1
155,normal,0,1
156,normal,0,1
157,normal,0,2
158,normal,0,3
159,normal,0,2
160,normal,0,1
161,normal,0,1
162,normal,0,4
163,normal,0,2
164,normal,0,1
165,normal,0,1
166,normal,0,3
167,normal,0,2
168,normal,0,2
169,mixer,0,55
170,normal,0,2
171,normal,0,1
172,normal,0,1
173,normal,0,1
174,normal,0,2
175,normal,0,1
176,normal,0,1
177,launderer,1,15
178,normal,0,2
179,normal,0,3
180,normal,0,4
181,normal,0,1
182,normal,0,4
183,normal,0,4
184,normal,0,4
185,normal,0,4
186,normal,0,3
187,normal,0,1
188,normal,0,2
189,normal,0,1
190,normal,0,1
191,normal,0,3
192,normal,0,4
193,normal,0,3
194,normal,0,2
195,normal,0,1
196,normal,0,3
197,normal,0,4
198,normal,0,1
199,normal,0,1
200,normal,0,3
201,darknet_market,1,19
202,normal,0,1
203,normal,0,2
204,normal,0,4
205,normal,0,3
206,normal,0,4
207,normal,0,4
208,normal,0,3
209,normal,0,2
210,normal,0,2
211,normal,0,3
212,normal,0,3
213,normal,0,1
214,normal,0,4
215,normal,0,2
216,normal,0,4
217,normal,0,2
218,normal,0,3
219,normal,0,1
220,normal,0,3
221,normal,0,3
222,normal,0,2
223,ransomware,1,5
224,normal,0,1
225,normal,0,2
226,normal,0,4
227,normal,0,4
228,normal,0,4
229,normal,0,4
230,normal,0,2
231,normal,0,3
232,darknet_market,1,16
233,normal,0,3
234,normal,0,2
235,normal,0,1
236,normal,0,1
237,normal,0,2
238,normal,0,2
239,normal,0,1
240,normal,0,3
241,normal,0,1
242,normal,0,2
243,normal,0,3
244,normal,0,3
245,normal,0,1
246,normal,0,4
247,normal,0,4
248,normal,0,2
249,normal,0,4
250,normal,0,4
251,normal,0,4
252,normal,0,3
253,normal,0,4
254,normal,0,1
255,normal,0,3
256,normal,0,1
257,normal,0,3
258,normal,0,3
259,normal,0,2
260,normal,0,2
261,normal,0,3
262,normal,0,3
263,normal,0,1
264,normal,0,1
265,normal,0,3
266,normal,0,2
267,normal,0,2
268,normal,0,4
269,normal,0,3
270,normal,0,1
271,normal,0,3
272,normal,0,3
273,normal,0,1
274,normal,0,3
275,normal,0,2
276,normal,0,1
277,normal,0,4
278,normal,0,2
279,normal,0,4
280,normal,0,4
281,normal,0,2
282,normal,0,1
283,normal,0,2
284,normal,0,2
285,normal,0,3
286,normal,0,3
287,normal,0,2
288,normal,0,3
289,normal,0,3
290,normal,0,1
291,normal,0,1
292,normal,0,4
293,normal,0,4
294,normal,0,2
295,normal,0,1
296,scam,1,6
297,normal,0,3
298,normal,0,3
299,normal,0,4
300,normal,0,3
301,normal,0,2
302,normal,0,2
303,normal,0,4
304,normal,0,2
305,normal,0,3
306,normal,0,4
307,normal,0,2
308,normal,0,3
309,normal,0,4
310,normal,0,2
311,normal,0,1
312,normal,0,3
313,normal,0,3
314,normal,0,1
315,normal,0,3
316,normal,0,3
317,normal,0,3
318,normal,0,1
319,mixer,0,44
320,normal,0,3
321,normal,0,3
322,normal,0,1
323,normal,0,4
324,normal,0,2
325,normal,0,4
326,normal,0,3
327,normal,0,2
328,normal,0,1
329,normal,0,4
330,normal,0,3
331,normal,0,2
332,normal,0,4
333,normal,0,1
334,normal,0,3
335,normal,0,3
336,normal,0,1
337,normal,0,4
338,normal,0,3
339,normal,0,1
340,normal,0,3
341,ransomware,1,10
342,normal,0,2
343,normal,0,2
344,normal,0,4
345,normal,0,1
346,mixer,1,52
347,normal,0,2
348,normal,0,3
349,normal,0,2
350,normal,0,4
351,normal,0,1
352,normal,0,1
353,normal,0,1
354,normal,0,1
355,normal,0,2
356,normal,0,2
357,normal,0,1
358,normal,0,1
359,normal,0,3
360,normal,0,2
361,normal,0,2
362,normal,0,4
363,normal,0,2
364,normal,0,3
365,normal,0,2
366,normal,0,3
367,normal,0,2
368,normal,0,3
369,normal,0,2
370,normal,0,1
371,normal,0,1
372,normal,0,1
373,normal,0,2
374,normal,0,4
375,normal,0,4
376,normal,0,2
377,normal,0,4
378,normal,0,1
379,normal,0,4
380,normal,0,3
381,normal,0,2
382,normal,0,1
383,normal,0,2
384,normal,0,4
385,scam,1,12
386,normal,0,2
387,mixer,0,70
388,normal,0,4
389,normal,0,1
390,normal,0,1
391,normal,0,3
392,normal,0,2
393,normal,0,1
394,normal,0,3
395,normal,0,3
396,normal,0,3
397,normal,0,1
398,normal,0,2
399,normal,0,2
400,normal,0,2
401,normal,0,4
402,normal,0,1
403,normal,0,1
404,launderer,1,7
405,normal,0,2
406,normal,0,2
407,normal,0,2
408,normal,0,1
409,launderer,1,5
410,normal,0,1
411,normal,0,1
412,normal,0,2
413,normal,0,2
414,normal,0,4
415,normal,0,4
416,normal,0,1
417,normal,0,2
418,normal,0,4
419,normal,0,3
420,normal,0,3
421,normal,0,2
422,normal,0,3
423,normal,0,1
424,normal,0,3
425,normal,0,1
426,normal,0,1
427,normal,0,1
428,normal,0,1
429,normal,0,2
430,normal,0,1
431,normal,0,4
432,normal,0,3
433,normal,0,1
434,normal,0,3
435,normal,0,2
436,normal,0,4
437,normal,0,1
438,normal,0,3
439,normal,0,1
440,normal,0,4
441,normal,0,2
442,normal,0,2
443,normal,0,2
444,normal,0,1
445,normal,0,4
446,scam,1,10
447,normal,0,3
448,normal,0,1
449,normal,0,1
450,normal,0,4
451,normal,0,4
452,normal,0,3
453,normal,0,1
454,normal,0,2
455,normal,0,2
456,scam,1,9
457,normal,0,1
458,normal,0,4
459,normal,0,4
460,normal,0,3
461,normal,0,3
462,mixer,1,53
463,normal,0,3
464,normal,0,1
465,normal,0,2
466,normal,0,3
467,exchange,0,205
468,normal,0,1
469,normal,0,3
470,normal,0,3
471,normal,0,4
472,normal,0,2
473,normal,0,3
474,normal,0,3
475,normal,0,3
476,normal,0,2
477,normal,0,1
478,normal,0,3
479,normal,0,1
480,normal,0,2
481,normal,0,4
482,normal,0,4
483,normal,0,3
484,normal,0,1
485,normal,0,4
486,normal,0,4
487,normal,0,3
488,normal,0,3
489,normal,0,1
490,normal,0,2
491,normal,0,1
492,normal,0,4
493,normal,0,2
494,normal,0,3
495,normal,0,1
496,normal,0,3
497,normal,0,3
498,normal,0,4
499,normal,0,2
500,normal,0,3
501,normal,0,4
502,normal,0,3
503,normal,0,2
504,normal,0,2
505,normal,0,4
506,normal,0,4
507,normal,0,2
508,normal,0,1
509,normal,0,4
510,normal,0,2
511,normal,0,2
512,normal,0,2
513,normal,0,3
514,normal,0,4
515,normal,0,4
516,normal,0,3
517,normal,0,1
518,normal,0,2
519,normal,0,4
520,normal,0,3
521,normal,0,3
522,normal,0,2
523,normal,0,4
524,normal,0,4
525,normal,0,1
526,ransomware,1,4
527,launderer,1,6
528,normal,0,1
529,normal,0,4
530,normal,0,3
531,normal,0,3
532,normal,0,2
533,normal,0,1
534,normal,0,1
535,normal,0,4
536,normal,0,1
537,normal,0,4
538,normal,0,4
539,normal,0,1
540,scam,1,5
541,normal,0,4
542,normal,0,3
543,launderer,1,6
544,normal,0,4
545,normal,0,2
546,normal,0,2
547,normal,0,3
548,normal,0,4
549,normal,0,3
550,normal,0,2
551,normal,0,3
552,normal,0,3
553,normal,0,3
554,normal,0,4
555,normal,0,3
556,normal,0,2
557,normal,0,2
558,normal,0,4
559,normal,0,4
560,normal,0,4
561,normal,0,4
562,normal,0,1
563,normal,0,1
564,normal,0,4
565,normal,0,1
566,normal,0,2
567,normal,0,4
568,normal,0,3
569,normal,0,1
570,normal,0,2
571,normal,0,2
572,normal,0,3
573,normal,0,2
574,normal,0,4
575,normal,0,2
576,normal,0,2
577,normal,0,2
578,normal,0,4
579,normal,0,3
580,normal,0,4
581,normal,0,1
582,normal,0,1
583,normal,0,2
584,normal,0,3
585,normal,0,1
586,normal,0,1
587,normal,0,2
588,normal,0,2
589,normal,0,4
590,normal,0,3
591,normal,0,1
592,normal,0,1
593,normal,0,3
594,normal,0,3
595,normal,0,3
596,normal,0,4
597,normal,0,4
598,scam,1,9
599,normal,0,2
600,normal,0,2
601,normal,0,3
602,normal,0,3
603,normal,0,3
604,ransomware,1,10
605,normal,0,1
606,normal,0,4
607,normal,0,2
608,normal,0,3
609,normal,0,1
610,normal,0,4
611,normal,0,4
612,darknet_market,1,18
613,scam,1,11
614,normal,0,2
615,normal,0,3
616,normal,0,2
617,normal,0,4
618,normal,0,4
619,normal,0,1
620,normal,0,4
621,normal,0,1
622,scam,1,11
623,normal,0,1
624,scam,1,11
625,normal,0,2
626,normal,0,3
627,normal,0,1
628,normal,0,4
629,normal,0,1
630,normal,0,4
631,normal,0,1
632,normal,0,1
633,normal,0,4
634,normal,0,1
635,normal,0,4
636,normal,0,2
637,normal,0,1
638,normal,0,2
639,normal,0,2
640,normal,0,3
641,normal,0,4
642,normal,0,4
643,normal,0,4
644,normal,0,2
645,normal,0,3
646,normal,0,4
647,normal,0,4
648,normal,0,4
649,normal,0,1
650,normal,0,2
651,normal,0,2
652,normal,0,1
653,normal,0,2
654,normal,0,2
655,normal,0,1
656,normal,0,3
657,normal,0,3
658,normal,0,2
659,normal,0,4
660,normal,0,3
661,normal,0,3
662,normal,0,4
663,normal,0,2
664,normal,0,2
665,normal,0,3
666,normal,0,3
667,launderer,1,9
668,normal,0,1
669,normal,0,2
670,normal,0,1
671,normal,0,2
672,launderer,1,8
673,normal,0,4
674,normal,0,3
675,normal,0,2
676,normal,0,4
677,normal,0,2
678,normal,0,1
679,normal,0,4
680,normal,0,4
681,normal,0,2
682,normal,0,4
683,normal,0,2
684,normal,0,3
685,normal,0,2
686,normal,0,3
687,ransomware,1,5
688,normal,0,3
689,normal,0,3
690,normal,0,1
691,normal,0,4
692,normal,0,4
693,normal,0,2
694,normal,0,1
695,normal,0,1
696,normal,0,1
697,normal,0,1
698,normal,0,4
699,normal,0,3
700,normal,0,4
701,normal,0,1
702,normal,0,2
703,normal,0,4
704,normal,0,3
705,normal,0,2
706,normal,0,4
707,normal,0,4
708,normal,0,4
709,normal,0,4
710,launderer,1,12
711,normal,0,3
712,normal,0,2
713,normal,0,1
714,normal,0,1
715,normal,0,2
716,normal,0,4
717,normal,0,4
718,normal,0,1
719,ransomware,1,10
720,normal,0,1
721,normal,0,1
722,normal,0,2
723,ransomware,1,3
724,normal,0,4
725,normal,0,2
726,normal,0,3
727,normal,0,4
728,normal,0,4
729,normal,0,1
730,normal,0,2
731,normal,0,4
732,normal,0,3
733,normal,0,4
734,normal,0,2
735,normal,0,2
736,normal,0,4
737,normal,0,1
738,normal,0,2
739,normal,0,1
740,normal,0,4
741,normal,0,2
742,normal,0,2
743,normal,0,3
744,normal,0,1
745,normal,0,4
746,normal,0,3
747,normal,0,3
748,normal,0,1
749,normal,0,1
750,normal,0,2
751,normal,0,1
752,normal,0,4
753,normal,0,3
754,normal,0,1
755,normal,0,4
756,normal,0,2
757,normal,0,4
758,normal,0,4
759,normal,0,3
760,normal,0,3
761,normal,0,2
762,normal,0,4
763,normal,0,1
764,normal,0,3
765,normal,0,2
766,normal,0,3
767,normal,0,4
768,normal,0,2
769,normal,0,1
770,normal,0,4
771,normal,0,3
772,normal,0,1
773,normal,0,3
774,normal,0,2
775,normal,0,3
776,normal,0,3
777,normal,0,1
778,normal,0,2
779,normal,0,2
780,normal,0,3
781,normal,0,1
782,normal,0,2
783,normal,0,3
784,scam,1,3
785,normal,0,1
786,normal,0,2
787,normal,0,4
788,normal,0,3
789,normal,0,4
790,normal,0,2
791,normal,0,4
792,normal,0,2
793,normal,0,3
794,normal,0,2
795,normal,0,2
796,normal,0,4
797,normal,0,4
798,normal,0,4
799,normal,0,2
800,normal,0,2
801,normal,0,2
802,normal,0,4
803,normal,0,1
804,normal,0,3
805,normal,0,2
806,normal,0,3
807,normal,0,1
808,normal,0,1
809,launderer,1,14
810,normal,0,3
811,normal,0,1
812,launderer,1,15
813,normal,0,2
814,normal,0,3
815,normal,0,4
816,normal,0,3
817,normal,0,4
818,normal,0,1
819,normal,0,4
820,normal,0,4
821,normal,0,4
822,normal,0,2
823,normal,0,4
824,normal,0,1
825,normal,0,1
826,normal,0,2
827,normal,0,3
828,normal,0,3
829,normal,0,3
830,normal,0,3
831,normal,0,2
832,normal,0,2
833,normal,0,4
834,normal,0,3
835,normal,0,2
836,normal,0,1
837,scam,1,9
838,normal,0,4
839,normal,0,4
840,normal,0,3
841,normal,0,4
842,normal,0,4
843,normal,0,3
844,normal,0,1
845,normal,0,1
846,normal,0,3
847,normal,0,3
848,normal,0,1
849,ransomware,1,5
850,normal,0,1
851,normal,0,4
852,normal,0,3
853,normal,0,2
854,normal,0,4
855,normal,0,2
856,normal,0,2
857,normal,0,4
858,normal,0,3
859,normal,0,2
860,normal,0,3
861,normal,0,4
862,normal,0,2
863,normal,0,2
864,normal,0,3
865,normal,0,1
866,normal,0,1
867,normal,0,4
868,normal,0,4
869,normal,0,2
870,normal,0,3
871,normal,0,2
872,scam,1,7
873,normal,0,1
874,normal,0,3
875,normal,0,1
876,normal,0,4
877,normal,0,1
878,normal,0,2
879,normal,0,2
880,normal,0,1
881,normal,0,3
882,normal,0,1
883,normal,0,3
884,normal,0,1
885,normal,0,4
886,normal,0,1
887,normal,0,2
888,normal,0,4
889,normal,0,2
890,normal,0,2
891,mixer,0,51
892,normal,0,2
893,normal,0,4
894,normal,0,4
895,normal,0,4
896,normal,0,2
897,normal,0,4
898,normal,0,1
899,normal,0,3
900,normal,0,4
901,normal,0,1
902,normal,0,2
903,normal,0,1
904,ransomware,1,9
905,normal,0,4
906,normal,0,2
907,normal,0,4
908,normal,0,1
909,normal,0,1
910,normal,0,4
911,normal,0,1
912,normal,0,2
913,scam,1,3
914,scam,1,7
915,mixer,0,27
916,normal,0,1
917,normal,0,4
918,normal,0,2
919,normal,0,1
920,normal,0,4
921,normal,0,4
922,normal,0,2
923,normal,0,3
924,normal,0,1
925,normal,0,1
926,normal,0,1
927,normal,0,4
928,normal,0,3
929,normal,0,2
930,normal,0,3
931,normal,0,3
932,normal,0,4
933,normal,0,2
934,normal,0,4
935,normal,0,4
936,exchange,0,153
937,normal,0,3
938,normal,0,1
939,normal,0,1
940,normal,0,1
941,normal,0,1
942,normal,0,4
943,normal,0,2
944,normal,0,1
945,normal,0,4
946,normal,0,2
947,normal,0,4
948,normal,0,4
949,normal,0,1
950,normal,0,1
951,normal,0,2
952,normal,0,4
953,normal,0,2
954,exchange,0,138
955,normal,0,1
956,normal,0,2
957,normal,0,1
958,normal,0,1
959,normal,0,3
960,normal,0,2
961,normal,0,2
962,normal,0,1
963,normal,0,1
964,mixer,1,23
965,normal,0,4
966,mixer,0,25
967,normal,0,4
968,normal,0,2
969,normal,0,3
970,normal,0,2
971,normal,0,1
972,normal,0,3
973,normal,0,2
974,normal,0,1
975,normal,0,4
976,normal,0,4
977,normal,0,3
978,normal,0,1
979,normal,0,1
980,scam,1,11
981,normal,0,1
982,normal,0,4
983,normal,0,3
984,normal,0,2
985,normal,0,2
986,normal,0,2
987,normal,0,4
988,normal,0,3
989,normal,0,3
990,normal,0,1
991,normal,0,1
992,normal,0,1
993,normal,0,4
994,normal,0,4
995,normal,0,1
996,normal,0,4
997,normal,0,2
998,launderer,1,11
999,normal,0,4
1000,normal,0,2
1001,normal,0,3
1002,normal,0,2
1003,normal,0,1
1004,normal,0,2
1005,normal,0,4
1006,normal,0,3
1007,normal,0,2
1008,normal,0,3
1009,normal,0,3
1010,normal,0,3
1011,normal,0,4
1012,normal,0,2
1013,mixer,0,32
1014,normal,0,3
1015,normal,0,2
1016,normal,0,1
1017,normal,0,3
1018,normal,0,1
1019,normal,0,4
1020,normal,0,3
1021,normal,0,3
1022,launderer,1,5
1023,normal,0,1
1024,normal,0,4
1025,normal,0,4
1026,mixer,0,54
1027,normal,0,3
1028,normal,0,3
1029,normal,0,4
1030,normal,0,1
1031,normal,0,2
1032,normal,0,3
1033,normal,0,2
1034,normal,0,3
1035,normal,0,2
1036,normal,0,2
1037,normal,0,3
1038,normal,0,1
1039,normal,0,4
1040,normal,0,1
1041,normal,0,3
1042,normal,0,2
1043,normal,0,4
1044,normal,0,2
1045,normal,0,2
1046,normal,0,1
1047,normal,0,2
1048,normal,0,1
1049,normal,0,1
1050,normal,0,1
1051,normal,0,1
1052,normal,0,2
1053,normal,0,1
1054,normal,0,4
1055,normal,0,2
1056,normal,0,4
1057,normal,0,3
1058,normal,0,1
1059,normal,0,4
1060,mixer,0,56
1061,normal,0,2
1062,normal,0,2
1063,normal,0,2
1064,normal,0,2
1065,scam,1,12
1066,normal,0,2
1067,normal,0,1
1068,normal,0,2
1069,normal,0,3
1070,normal,0,1
1071,normal,0,1
1072,normal,0,2
1073,normal,0,1
1074,normal,0,2
1075,normal,0,3
1076,normal,0,2
1077,normal,0,1
1078,normal,0,3
1079,normal,0,2
1080,normal,0,1
1081,normal,0,4
1082,normal,0,4
1083,normal,0,3
1084,scam,1,11
1085,normal,0,2
1086,normal,0,4
1087,normal,0,2
1088,normal,0,2
1089,normal,0,3
1090,normal,0,4
1091,normal,0,1
1092,normal,0,3
1093,normal,0,1
1094,normal,0,4
1095,normal,0,1
1096,normal,0,2
1097,normal,0,3
1098,normal,0,2
1099,normal,0,1
1100,normal,0,2
1101,normal,0,1
1102,normal,0,1
1103,normal,0,1
1104,normal,0,2
1105,normal,0,1
1106,normal,0,2
1107,normal,0,4
1108,launderer,1,7
1109,normal,0,4
1110,normal,0,2
1111,normal,0,4
1112,normal,0,1
1113,normal,0,3
1114,scam,1,4
1115,normal,0,4
1116,normal,0,3
1117,normal,0,4
1118,normal,0,2
1119,normal,0,4
1120,normal,0,3
1121,normal,0,4
1122,normal,0,4
1123,normal,0,4
1124,normal,0,2
1125,normal,0,4
1126,normal,0,1
1127,normal,0,3
1128,normal,0,1
1129,launderer,1,15
1130,launderer,1,8
1131,normal,0,3
1132,normal,0,1
1133,normal,0,4
1134,scam,1,8
1135,normal,0,4
1136,normal,0,3
1137,normal,0,1
1138,normal,0,3
1139,normal,0,4
1140,normal,0,3
1141,normal,0,1
1142,normal,0,4
1143,normal,0,4
1144,normal,0,1
1145,normal,0,1
1146,normal,0,2
1147,normal,0,3
1148,normal,0,3
1149,normal,0,4
1150,normal,0,3
1151,normal,0,2
1152,normal,0,3
1153,normal,0,3
1154,normal,0,3
1155,normal,0,4
1156,normal,0,3
1157,normal,0,1
1158,normal,0,1
1159,normal,0,1
1160,normal,0,1
1161,normal,0,1
1162,normal,0,2
1163,normal,0,4
1164,normal,0,3
1165,normal,0,4
1166,normal,0,1
1167,normal,0,3
1168,normal,0,3
1169,normal,0,2
1170,normal,0,4
1171,normal,0,1
1172,normal,0,1
1173,normal,0,1
1174,normal,0,1
1175,normal,0,1
1176,normal,0,1
1177,normal,0,1
1178,normal,0,4
1179,normal,0,3
1180,normal,0,3
1181,normal,0,1
1182,normal,0,2
1183,normal,0,4
1184,normal,0,3
1185,normal,0,1
1186,normal,0,3
1187,launderer,1,8
1188,normal,0,3
1189,normal,0,4
1190,normal,0,1
1191,normal,0,3
1192,normal,0,2
1193,scam,1,3
1194,normal,0,1
1195,normal,0,4
1196,normal,0,2
1197,normal,0,4
1198,normal,0,2
1199,normal,0,4
1200,normal,0,3
1201,normal,0,1
1202,normal,0,4
1203,normal,0,4
1204,normal,0,4
1205,normal,0,4
1206,normal,0,4
1207,normal,0,2
1208,normal,0,2
1209,normal,0,3
1210,normal,0,4
1211,normal,0,1
1212,normal,0,4
1213,normal,0,4
1214,normal,0,1
1215,normal,0,1
1216,normal,0,4
1217,normal,0,3
1218,normal,0,4
1219,normal,0,2
1220,normal,0,2
1221,normal,0,1
1222,normal,0,4
1223,normal,0,3
1224,normal,0,1
1225,normal,0,4
1226,normal,0,3
1227,normal,0,4
1228,normal,0,3
1229,normal,0,1
1230,normal,0,2
1231,normal,0,4
1232,normal,0,2
1233,normal,0,3
1234,normal,0,2
1235,normal,0,2
1236,normal,0,1
1237,normal,0,4
1238,normal,0,3
1239,normal,0,3
1240,normal,0,1
1241,normal,0,1
1242,normal,0,2
1243,normal,0,1
1244,normal,0,2
1245,normal,0,3
1246,normal,0,3
1247,normal,0,1
1248,normal,0,2
1249,normal,0,4
1250,normal,0,4
1251,normal,0,3
1252,normal,0,1
1253,normal,0,2
1254,normal,0,4
1255,normal,0,4
1256,normal,0,1
1257,normal,0,3
1258,normal,0,4
1259,launderer,1,15
1260,normal,0,2
1261,normal,0,2
1262,normal,0,4
1263,mixer,1,34
1264,normal,0,3
1265,normal,0,1
1266,normal,0,4
1267,scam,1,4
1268,normal,0,1
1269,normal,0,3
1270,darknet_market,1,10
1271,normal,0,4
1272,normal,0,1
1273,normal,0,4
1274,normal,0,2
1275,normal,0,3
1276,normal,0,1
1277,normal,0,4
1278,normal,0,3
1279,normal,0,4
1280,normal,0,3
1281,normal,0,1
1282,normal,0,4
1283,normal,0,3
1284,normal,0,1
1285,normal,0,2
1286,normal,0,1
1287,normal,0,4
1288,normal,0,1
1289,normal,0,3
1290,normal,0,4
1291,normal,0,3
1292,normal,0,2
1293,normal,0,2
1294,normal,0,2
1295,normal,0,4
1296,normal,0,4
1297,normal,0,1
1298,normal,0,4
1299,normal,0,1
1300,normal,0,4
1301,normal,0,1
1302,normal,0,4
1303,normal,0,2
1304,normal,0,3
1305,normal,0,3
1306,normal,0,2
1307,normal,0,2
1308,normal,0,4
1309,mixer,0,39
1310,normal,0,4
1311,normal,0,3
1312,normal,0,1
1313,normal,0,3
1314,normal,0,4
1315,normal,0,3
1316,normal,0,1
1317,normal,0,2
1318,normal,0,1
1319,normal,0,4
1320,normal,0,3
1321,normal,0,1
1322,normal,0,4
1323,normal,0,4
1324,normal,0,2
1325,normal,0,3
1326,normal,0,4
1327,normal,0,4
1328,normal,0,1
1329,normal,0,2
1330,normal,0,3
1331,normal,0,4
1332,normal,0,3
1333,darknet_market,1,7
1334,ransomware,1,3
1335,normal,0,3
1336,normal,0,4
1337,normal,0,3
1338,normal,0,2
1339,normal,0,1
1340,normal,0,2
1341,normal,0,4
1342,normal,0,2
1343,normal,0,4
1344,scam,1,7
1345,normal,0,1
1346,normal,0,2
1347,normal,0,3
1348,normal,0,3
1349,normal,0,1
1350,normal,0,3
1351,normal,0,3
1352,normal,0,1
1353,normal,0,1
1354,normal,0,3
1355,normal,0,4
1356,normal,0,1
1357,normal,0,4
1358,normal,0,1
1359,normal,0,4
1360,normal,0,4
1361,normal,0,4
1362,normal,0,3
1363,normal,0,3
1364,normal,0,1
1365,normal,0,2
1366,normal,0,1
1367,normal,0,3
1368,normal,0,4
1369,normal,0,1
1370,normal,0,1
1371,mixer,0,67
1372,normal,0,1
1373,normal,0,1
1374,darknet_market,1,16
1375,normal,0,4
1376,normal,0,1
1377,normal,0,3
1378,normal,0,4
1379,normal,0,2
1380,normal,0,1
1381,normal,0,4
1382,normal,0,4
1383,launderer,1,14
1384,ransomware,1,9
1385,normal,0,4
1386,normal,0,2
1387,normal,0,4
1388,normal,0,3
1389,normal,0,2
1390,normal,0,1
1391,normal,0,3
1392,normal,0,2
1393,normal,0,1
1394,normal,0,1
1395,normal,0,2
1396,normal,0,3
1397,normal,0,3
1398,normal,0,4
1399,normal,0,2
1400,normal,0,2
1401,normal,0,4
1402,darknet_market,1,16
1403,normal,0,1
1404,normal,0,1
1405,normal,0,4
1406,ransomware,1,8
1407,normal,0,4
1408,normal,0,1
1409,normal,0,4
1410,normal,0,1
1411,scam,1,3
1412,normal,0,3
1413,exchange,0,111
1414,normal,0,2
1415,normal,0,3
1416,normal,0,4
1417,normal,0,1
1418,normal,0,1
1419,darknet_market,1,18
1420,normal,0,1
1421,normal,0,2
1422,normal,0,4
1423,normal,0,1
1424,normal,0,1
1425,normal,0,3
1426,normal,0,3
1427,normal,0,1
1428,normal,0,3
1429,normal,0,2
1430,normal,0,2
1431,normal,0,4
1432,normal,0,4
1433,normal,0,3
1434,normal,0,3
1435,scam,1,11
1436,normal,0,1
1437,normal,0,4
1438,normal,0,4
1439,scam,1,4
1440,normal,0,3
1441,normal,0,3
1442,normal,0,3
1443,normal,0,4
1444,normal,0,1
1445,normal,0,2
1446,normal,0,3
1447,normal,0,4
1448,normal,0,2
1449,normal,0,4
1450,normal,0,3
1451,normal,0,4
1452,normal,0,2
1453,mixer,1,36
1454,normal,0,3
1455,normal,0,1
1456,normal,0,3
1457,normal,0,3
1458,mixer,0,27
1459,normal,0,3
1460,normal,0,4
1461,normal,0,2
1462,normal,0,1
1463,normal,0,3
1464,normal,0,1
1465,normal,0,3
1466,normal,0,3
1467,normal,0,1
1468,normal,0,2
1469,normal,0,1
1470,normal,0,1
1471,normal,0,2
1472,normal,0,2
1473,normal,0,3
1474,normal,0,2
1475,normal,0,3
1476,normal,0,3
1477,launderer,1,8
1478,normal,0,2
1479,normal,0,2
1480,normal,0,2
1481,normal,0,2
1482,normal,0,2
1483,normal,0,3
1484,normal,0,3
1485,normal,0,3
1486,scam,1,8
1487,normal,0,2
1488,normal,0,1
1489,normal,0,4
1490,normal,0,3
1491,normal,0,3
1492,normal,0,2
1493,normal,0,3
1494,normal,0,2
1495,normal,0,2
1496,normal,0,1
1497,normal,0,4
1498,normal,0,2
1499,normal,0,1
1500,normal,0,2
1501,ransomware,1,5
1502,normal,0,1
1503,normal,0,2
1504,normal,0,3
1505,normal,0,1
1506,normal,0,4
1507,normal,0,3
1508,normal,0,2
1509,normal,0,2
1510,normal,0,2
1511,normal,0,3
1512,normal,0,1
1513,normal,0,4
1514,normal,0,1
1515,normal,0,3
1516,normal,0,2
1517,ransomware,1,8
1518,normal,0,4
1519,normal,0,4
1520,normal,0,1
1521,normal,0,1
1522,normal,0,3
1523,normal,0,3
1524,normal,0,4
1525,normal,0,1
1526,normal,0,3
1527,normal,0,1
1528,normal,0,2
1529,normal,0,4
1530,normal,0,4
1531,normal,0,2
1532,normal,0,4
1533,normal,0,1
1534,normal,0,4
1535,normal,0,3
1536,normal,0,2
1537,normal,0,4
1538,normal,0,2
1539,normal,0,4
1540,normal,0,1
1541,normal,0,1
1542,normal,0,1
1543,normal,0,1
1544,normal,0,3
1545,normal,0,2
1546,normal,0,3
1547,normal,0,4
1548,normal,0,4
1549,normal,0,1
1550,normal,0,1
1551,normal,0,1
1552,normal,0,4
1553,normal,0,2
1554,normal,0,1
1555,normal,0,2
1556,normal,0,2
1557,normal,0,2
1558,normal,0,2
1559,normal,0,4
1560,launderer,1,9
1561,normal,0,1
1562,normal,0,1
1563,normal,0,3
1564,normal,0,3
1565,normal,0,3
1566,normal,0,1
1567,normal,0,2
1568,normal,0,1
1569,normal,0,1
1570,normal,0,1
1571,normal,0,1
1572,normal,0,1
1573,normal,0,3
1574,normal,0,2
1575,normal,0,2
1576,normal,0,3
1577,normal,0,3
1578,launderer,1,12
1579,normal,0,4
1580,normal,0,3
1581,normal,0,2
1582,normal,0,3
1583,normal,0,4
1584,normal,0,3
1585,normal,0,1
1586,normal,0,1
1587,normal,0,2
1588,normal,0,3
1589,normal,0,3
1590,normal,0,3
1591,normal,0,1
1592,mixer,1,69
1593,normal,0,2
1594,normal,0,2
1595,normal,0,3
1596,normal,0,1
1597,normal,0,3
1598,normal,0,3
1599,normal,0,4
1600,normal,0,2
1601,normal,0,2
1602,normal,0,1
1603,normal,0,2
1604,normal,0,3
1605,normal,0,3
1606,ransomware,1,10
1607,normal,0,1
1608,normal,0,4
1609,normal,0,3
1610,normal,0,1
1611,normal,0,4
1612,normal,0,3
1613,normal,0,1
1614,normal,0,4
1615,normal,0,2
1616,normal,0,4
1617,normal,0,1
1618,launderer,1,11
1619,normal,0,4
1620,normal,0,4
1621,normal,0,3
1622,normal,0,4
1623,normal,0,3
1624,normal,0,4
1625,normal,0,2
1626,normal,0,3
1627,normal,0,1
1628,normal,0,1
1629,normal,0,3
1630,normal,0,4
1631,normal,0,2
1632,normal,0,3
1633,normal,0,4
1634,scam,1,12
1635,normal,0,1
1636,normal,0,1
1637,normal,0,1
1638,normal,0,2
1639,normal,0,3
1640,normal,0,4
1641,normal,0,2
1642,normal,0,3
1643,normal,0,2
1644,normal,0,4
1645,normal,0,1
1646,normal,0,2
1647,normal,0,4
1648,normal,0,1
1649,normal,0,3
1650,normal,0,3
1651,normal,0,4
1652,normal,0,2
1653,normal,0,3
1654,exchange,0,189
1655,normal,0,3
1656,normal,0,1
1657,normal,0,3
1658,normal,0,2
1659,normal,0,3
1660,normal,0,2
1661,normal,0,4
1662,normal,0,4
1663,normal,0,3
1664,normal,0,3
1665,normal,0,2
1666,normal,0,2
1667,normal,0,3
1668,normal,0,1
1669,normal,0,4
1670,normal,0,1
1671,normal,0,3
1672,normal,0,2
1673,normal,0,2
1674,normal,0,4
1675,normal,0,3
1676,normal,0,3
1677,normal,0,4
1678,normal,0,3
1679,normal,0,3
1680,normal,0,4
1681,normal,0,1
1682,normal,0,4
1683,normal,0,2
1684,normal,0,4
1685,normal,0,4
1686,normal,0,4
1687,normal,0,1
1688,normal,0,1
1689,normal,0,1
1690,normal,0,1
1691,normal,0,4
1692,normal,0,2
1693,normal,0,2
1694,normal,0,3
1695,normal,0,1
1696,normal,0,2
1697,normal,0,3
1698,ransomware,1,5
1699,normal,0,1
1700,normal,0,4
1701,scam,1,8
1702,normal,0,3
1703,normal,0,3
1704,normal,0,2
1705,scam,1,6
1706,normal,0,3
1707,normal,0,1
1708,normal,0,1
1709,normal,0,1
1710,normal,0,4
1711,normal,0,2
1712,scam,1,7
1713,normal,0,1
1714,normal,0,4
1715,normal,0,2
1716,normal,0,3
1717,normal,0,2
1718,normal,0,2
1719,normal,0,1
1720,normal,0,3
1721,normal,0,3
1722,normal,0,2
1723,normal,0,2
1724,normal,0,1
1725,normal,0,3
1726,normal,0,4
1727,normal,0,3
1728,normal,0,3
1729,normal,0,2
1730,mixer,0,64
1731,normal,0,2
1732,normal,0,2
1733,normal,0,4
1734,normal,0,2
1735,normal,0,1
1736,normal,0,3
1737,normal,0,1
1738,normal,0,3
1739,normal,0,3
1740,normal,0,4
1741,normal,0,2
1742,normal,0,3
1743,ransomware,1,7
1744,normal,0,3
1745,normal,0,4
1746,normal,0,2
1747,normal,0,1
1748,normal,0,4
1749,normal,0,3
1750,normal,0,3
1751,normal,0,1
1752,normal,0,2
1753,normal,0,3
1754,normal,0,2
1755,normal,0,4
1756,normal,0,2
1757,darknet_market,1,7
1758,normal,0,1
1759,normal,0,1
1760,normal,0,3
1761,normal,0,3
1762,normal,0,2
1763,normal,0,2
1764,normal,0,4
1765,normal,0,4
1766,scam,1,9
1767,normal,0,3
1768,normal,0,4
1769,normal,0,4
1770,normal,0,4
1771,normal,0,3
1772,normal,0,3
1773,normal,0,4
1774,normal,0,4
1775,normal,0,3
1776,normal,0,3
1777,normal,0,3
1778,normal,0,4
1779,normal,0,1
1780,normal,0,1
1781,normal,0,3
1782,normal,0,3
1783,normal,0,4
1784,normal,0,2
1785,normal,0,2
1786,normal,0,1
1787,normal,0,2
1788,normal,0,1
1789,normal,0,4
1790,normal,0,3
1791,normal,0,4
1792,normal,0,4
1793,normal,0,3
1794,normal,0,2
1795,normal,0,1
1796,normal,0,2
1797,normal,0,3
1798,normal,0,1
1799,normal,0,2
1800,normal,0,4
1801,normal,0,3
1802,normal,0,4
1803,normal,0,3
1804,normal,0,2
1805,normal,0,1
1806,normal,0,4
1807,normal,0,1
1808,normal,0,3
1809,normal,0,2
1810,normal,0,3
1811,normal,0,4
1812,normal,0,2
1813,normal,0,3
1814,normal,0,4
1815,normal,0,1
1816,normal,0,3
1817,normal,0,4
1818,normal,0,3
1819,normal,0,3
1820,normal,0,2
1821,normal,0,2
1822,normal,0,4
1823,normal,0,4
1824,normal,0,4
1825,normal,0,3
1826,normal,0,1
1827,normal,0,3
1828,normal,0,2
1829,normal,0,3
1830,normal,0,2
1831,ransomware,1,8
1832,normal,0,1
1833,normal,0,3
1834,normal,0,3
1835,normal,0,3
1836,normal,0,3
1837,normal,0,1
1838,normal,0,3
1839,normal,0,4
1840,normal,0,2
1841,normal,0,2
1842,normal,0,2
1843,exchange,0,174
1844,normal,0,2
1845,normal,0,1
1846,normal,0,3
1847,normal,0,3
1848,normal,0,4
1849,normal,0,4
1850,normal,0,4
1851,normal,0,4
1852,normal,0,3
1853,normal,0,2
1854,normal,0,1
1855,launderer,1,13
1856,normal,0,4
1857,normal,0,2
1858,normal,0,1
1859,normal,0,1
1860,normal,0,2
1861,launderer,1,6
1862,launderer,1,10
1863,normal,0,1
1864,normal,0,2
1865,normal,0,3
1866,normal,0,4
1867,normal,0,1
1868,normal,0,1
1869,normal,0,4
1870,normal,0,2
1871,normal,0,4
1872,scam,1,5
1873,scam,1,6
1874,normal,0,2
1875,normal,0,2
1876,normal,0,1
1877,normal,0,4
1878,normal,0,1
1879,normal,0,2
1880,normal,0,2
1881,normal,0,1
1882,normal,0,2
1883,normal,0,1
1884,normal,0,4
1885,normal,0,1
1886,normal,0,4
1887,normal,0,4
1888,normal,0,4
1889,normal,0,3
1890,normal,0,2
1891,normal,0,1
1892,normal,0,1
1893,normal,0,2
1894,normal,0,1
1895,normal,0,2
1896,normal,0,3
1897,normal,0,4
1898,normal,0,1
1899,normal,0,1
1900,normal,0,3
1901,normal,0,1
1902,normal,0,3
1903,normal,0,2
1904,normal,0,2
1905,normal,0,3
1906,normal,0,3
1907,normal,0,4
1908,normal,0,2
1909,normal,0,1
1910,normal,0,1
1911,normal,0,4
1912,normal,0,4
1913,normal,0,2
1914,normal,0,2
1915,normal,0,3
1916,normal,0,2
1917,normal,0,4
1918,normal,0,4
1919,mixer,0,33
1920,normal,0,1
1921,normal,0,1
1922,normal,0,4
1923,normal,0,4
1924,normal,0,1
1925,normal,0,2
1926,normal,0,4
1927,normal,0,4
1928,normal,0,4
1929,normal,0,4
1930,normal,0,4
1931,normal,0,1
1932,normal,0,2
1933,normal,0,2
1934,normal,0,4
1935,normal,0,1
1936,normal,0,4
1937,normal,0,3
1938,normal,0,3
1939,normal,0,1
1940,normal,0,4
1941,normal,0,4
1942,normal,0,4
1943,normal,0,1
1944,normal,0,4
1945,normal,0,3
1946,normal,0,3
1947,normal,0,3
1948,normal,0,4
1949,normal,0,1
1950,mixer,0,56
1951,normal,0,3
1952,normal,0,2
1953,darknet_market,1,9
1954,normal,0,1
1955,darknet_market,1,13
1956,normal,0,2
1957,normal,0,1
1958,normal,0,4
1959,normal,0,2
1960,normal,0,1
1961,normal,0,4
1962,normal,0,1
1963,normal,0,3
1964,normal,0,4
1965,normal,0,4
1966,normal,0,2
1967,normal,0,2
1968,normal,0,1
1969,normal,0,4
1970,normal,0,3
1971,darknet_market,1,19
1972,normal,0,1
1973,normal,0,1
1974,normal,0,1
1975,normal,0,2
1976,normal,0,2
1977,exchange,0,158
1978,normal,0,1
1979,normal,0,4
1980,normal,0,2
1981,normal,0,4
1982,normal,0,2
1983,normal,0,3
1984,normal,0,2
1985,normal,0,1
1986,normal,0,3
1987,normal,0,1
1988,scam,1,5
1989,normal,0,1
1990,normal,0,3
1991,normal,0,2
1992,normal,0,2
1993,normal,0,1
1994,normal,0,2
1995,normal,0,2
1996,normal,0,4
1997,normal,0,4
1998,normal,0,4
1999,normal,0,2
2000,normal,0,2
2001,normal,0,3
2002,mixer,0,37
2003,normal,0,1
2004,normal,0,1
2005,normal,0,3
2006,normal,0,4
2007,normal,0,4
2008,normal,0,4
2009,normal,0,4
2010,normal,0,2
2011,normal,0,2
2012,normal,0,3
2013,normal,0,2
2014,normal,0,2
2015,normal,0,4
2016,normal,0,1
2017,normal,0,2
2018,normal,0,4
2019,normal,0,4
2020,normal,0,3
2021,normal,0,3
2022,normal,0,2
2023,normal,0,2
2024,normal,0,1
2025,normal,0,4
2026,normal,0,2
2027,normal,0,3
2028,normal,0,2
2029,normal,0,1
2030,normal,0,2
2031,normal,0,1
2032,normal,0,1
2033,normal,0,2
2034,normal,0,1
2035,normal,0,4
2036,exchange,0,126
2037,normal,0,3
2038,normal,0,4
2039,normal,0,3
2040,normal,0,3
2041,normal,0,3
2042,normal,0,1
2043,normal,0,1
2044,scam,1,9
2045,normal,0,2
2046,normal,0,1
2047,normal,0,2
2048,normal,0,1
2049,normal,0,1
2050,scam,1,5
2051,normal,0,2
2052,normal,0,2
2053,normal,0,4
2054,normal,0,3
2055,normal,0,1
2056,scam,1,3
2057,normal,0,2
2058,normal,0,1
2059,normal,0,1
2060,mixer,0,39
2061,normal,0,1
2062,normal,0,2
2063,normal,0,2
2064,normal,0,3
2065,normal,0,3
2066,normal,0,3
2067,darknet_market,1,17
2068,normal,0,1
2069,normal,0,3
2070,normal,0,3
2071,normal,0,3
2072,normal,0,4
2073,normal,0,1
2074,normal,0,1
2075,normal,0,1
2076,scam,1,6
2077,normal,0,1
2078,normal,0,4
2079,normal,0,2
2080,normal,0,4
2081,normal,0,2
2082,normal,0,2
2083,normal,0,2
2084,normal,0,1
2085,normal,0,4
2086,normal,0,1
2087,normal,0,2
2088,normal,0,2
2089,normal,0,3
2090,normal,0,4
2091,normal,0,1
2092,normal,0,1
2093,normal,0,4
2094,normal,0,1
2095,normal,0,3
2096,normal,0,3
2097,normal,0,2
2098,normal,0,2
2099,normal,0,4
2100,normal,0,2
2101,normal,0,4
2102,normal,0,2
2103,normal,0,4
2104,normal,0,2
2105,normal,0,1
2106,normal,0,4
2107,launderer,1,12
2108,normal,0,2
2109,normal,0,4
2110,normal,0,1
2111,normal,0,1
2112,normal,0,1
2113,normal,0,4
2114,normal,0,1
2115,normal,0,3
2116,normal,0,2
2117,normal,0,4
2118,normal,0,3
2119,normal,0,1
2120,normal,0,3
2121,normal,0,1
2122,normal,0,4
2123,normal,0,3
2124,normal,0,1
2125,normal,0,3
2126,normal,0,3
2127,normal,0,1
2128,normal,0,3
2129,normal,0,2
2130,normal,0,3
2131,normal,0,3
2132,launderer,1,15
2133,normal,0,3
2134,normal,0,1
2135,normal,0,3
2136,normal,0,1
2137,normal,0,2
2138,normal,0,2
2139,normal,0,3
2140,normal,0,3
2141,normal,0,1
2142,normal,0,2
2143,normal,0,3
2144,normal,0,1
2145,normal,0,4
2146,normal,0,2
2147,launderer,1,6
2148,normal,0,4
2149,normal,0,1
2150,normal,0,1
2151,normal,0,2
2152,normal,0,1
2153,normal,0,3
2154,normal,0,1
2155,normal,0,1
2156,normal,0,4
2157,normal,0,1
2158,normal,0,1
2159,normal,0,3
2160,normal,0,3
2161,normal,0,1
2162,normal,0,1
2163,normal,0,4
2164,normal,0,4
2165,normal,0,1
2166,normal,0,2
2167,normal,0,1
2168,normal,0,4
2169,normal,0,4
2170,normal,0,1
2171,normal,0,4
2172,normal,0,2
2173,normal,0,2
2174,normal,0,2
2175,normal,0,3
2176,normal,0,2
2177,normal,0,3
2178,normal,0,4
2179,darknet_market,1,8
2180,normal,0,2
2181,darknet_market,1,9
2182,normal,0,2
2183,normal,0,3
2184,normal,0,4
2185,normal,0,1
2186,normal,0,2
2187,normal,0,2
2188,normal,0,3
2189,normal,0,4
2190,normal,0,3
2191,normal,0,2
2192,normal,0,3
2193,normal,0,2
2194,normal,0,4
2195,normal,0,4
2196,normal,0,4
2197,normal,0,3
2198,normal,0,4
2199,normal,0,1
2200,normal,0,2
2201,normal,0,4
2202,normal,0,2
2203,normal,0,1
2204,normal,0,4
2205,normal,0,1
2206,normal,0,4
2207,normal,0,1
2208,normal,0,2
2209,normal,0,4
2210,launderer,1,9
2211,normal,0,2
2212,normal,0,3
2213,normal,0,3
2214,normal,0,1
2215,normal,0,2
2216,normal,0,4
2217,normal,0,1
2218,mixer,0,52
2219,normal,0,3
2220,normal,0,4
2221,normal,0,3
2222,normal,0,2
2223,normal,0,2
2224,normal,0,4
2225,normal,0,1
2226,normal,0,1
2227,normal,0,3
2228,normal,0,4
2229,normal,0,2
2230,normal,0,3
2231,normal,0,4
2232,normal,0,2
2233,mixer,1,37
2234,normal,0,1
2235,normal,0,4
2236,normal,0,4
2237,normal,0,4
2238,normal,0,1
2239,normal,0,3
2240,normal,0,3
2241,normal,0,2
2242,normal,0,2
2243,normal,0,3
2244,normal,0,1
2245,normal,0,4
2246,normal,0,2
2247,normal,0,4
2248,normal,0,1
2249,normal,0,1
2250,normal,0,1
2251,normal,0,4
2252,normal,0,4
2253,normal,0,4
2254,darknet_market,1,7
2255,normal,0,4
2256,normal,0,1
2257,normal,0,4
2258,normal,0,2
2259,normal,0,2
2260,normal,0,1
2261,scam,1,10
2262,normal,0,3
2263,normal,0,2
2264,normal,0,4
2265,normal,0,3
2266,normal,0,3
2267,normal,0,2
2268,normal,0,1
2269,normal,0,2
2270,normal,0,3
2271,normal,0,2
2272,normal,0,2
2273,normal,0,1
2274,normal,0,2
2275,normal,0,3
2276,normal,0,2
2277,normal,0,3
2278,normal,0,2
2279,normal,0,1
2280,normal,0,3
2281,normal,0,1
2282,normal,0,1
2283,normal,0,2
2284,normal,0,4
2285,normal,0,2
2286,normal,0,1
2287,normal,0,2
2288,normal,0,4
2289,normal,0,3
2290,darknet_market,1,6
2291,normal,0,2
2292,normal,0,4
2293,normal,0,3
2294,normal,0,2
2295,normal,0,3
2296,normal,0,4
2297,normal,0,4
2298,normal,0,1
2299,normal,0,4
2300,mixer,0,34
2301,normal,0,4
2302,normal,0,4
2303,normal,0,3
2304,normal,0,4
2305,normal,0,2
2306,normal,0,3
2307,normal,0,4
2308,normal,0,2
2309,normal,0,3
2310,launderer,1,6
2311,normal,0,3
2312,normal,0,4
2313,normal,0,1
2314,normal,0,4
2315,normal,0,1
2316,normal,0,2
2317,normal,0,1
2318,normal,0,3
2319,normal,0,1
2320,normal,0,4
2321,normal,0,4
2322,normal,0,4
2323,normal,0,3
2324,normal,0,1
2325,scam,1,12
2326,normal,0,1
2327,normal,0,2
2328,normal,0,2
2329,normal,0,3
2330,normal,0,3
2331,normal,0,2
2332,normal,0,2
2333,normal,0,1
2334,normal,0,3
2335,normal,0,2
2336,normal,0,3
2337,normal,0,3
2338,normal,0,3
2339,normal,0,1
2340,normal,0,2
2341,normal,0,4
2342,normal,0,3
2343,normal,0,1
2344,normal,0,2
2345,normal,0,1
2346,normal,0,4
2347,normal,0,1
2348,normal,0,1
2349,normal,0,4
2350,normal,0,2
2351,normal,0,2
2352,normal,0,2
2353,normal,0,1
2354,normal,0,2
2355,normal,0,3
2356,normal,0,4
2357,normal,0,4
2358,scam,1,7
2359,normal,0,3
2360,normal,0,1
2361,normal,0,1
2362,normal,0,3
2363,normal,0,3
2364,normal,0,1
2365,normal,0,3
2366,normal,0,1
2367,normal,0,2
2368,normal,0,1
2369,normal,0,1
2370,normal,0,1
2371,normal,0,3
2372,normal,0,3
2373,normal,0,1
2374,normal,0,4
2375,normal,0,4
2376,normal,0,1
2377,normal,0,4
2378,normal,0,2
2379,normal,0,1
2380,normal,0,2
2381,normal,0,4
2382,normal,0,2
2383,normal,0,2
2384,normal,0,4
2385,normal,0,3
2386,scam,1,8
2387,normal,0,3
2388,normal,0,1
2389,normal,0,1
2390,normal,0,2
2391,normal,0,2
2392,normal,0,1
2393,normal,0,3
2394,normal,0,2
2395,launderer,1,7
2396,normal,0,2
2397,normal,0,2
2398,normal,0,1
2399,normal,0,4
2400,normal,0,2
2401,normal,0,4
2402,normal,0,4
2403,normal,0,1
2404,normal,0,3
2405,normal,0,2
2406,normal,0,2
2407,normal,0,4
2408,normal,0,4
2409,normal,0,2
2410,normal,0,2
2411,darknet_market,1,5
2412,normal,0,3
2413,normal,0,2
2414,normal,0,2
2415,normal,0,1
2416,normal,0,3
2417,normal,0,4
2418,normal,0,2
2419,normal,0,1
2420,normal,0,1
2421,normal,0,4
2422,normal,0,2
2423,normal,0,4
2424,normal,0,1
2425,normal,0,3
2426,normal,0,1
2427,normal,0,1
2428,normal,0,4
2429,normal,0,1
2430,normal,0,2
2431,normal,0,4
2432,normal,0,2
2433,normal,0,4
2434,normal,0,1
2435,ransomware,1,3
2436,normal,0,1
2437,normal,0,1
2438,normal,0,2
2439,normal,0,1
2440,launderer,1,6
2441,normal,0,4
2442,normal,0,3
2443,normal,0,3
2444,normal,0,1
2445,normal,0,4
2446,normal,0,4
2447,normal,0,1
2448,normal,0,2
2449,normal,0,1
2450,normal,0,2
2451,normal,0,4
2452,normal,0,4
2453,normal,0,3
2454,normal,0,2
2455,normal,0,2
2456,normal,0,2
2457,normal,0,1
2458,normal,0,1
2459,normal,0,3
2460,normal,0,4
2461,normal,0,2
2462,normal,0,2
2463,normal,0,2
2464,normal,0,3
2465,normal,0,4
2466,normal,0,2
2467,normal,0,3
2468,normal,0,3
2469,normal,0,2
2470,normal,0,1
2471,normal,0,3
2472,normal,0,3
2473,normal,0,4
2474,normal,0,4
2475,normal,0,1
2476,normal,0,4
2477,normal,0,4
2478,normal,0,3
2479,exchange,0,126
2480,normal,0,1
2481,normal,0,4
2482,normal,0,1
2483,normal,0,4
2484,normal,0,1
2485,normal,0,1
2486,normal,0,1
2487,normal,0,2
2488,normal,0,1
2489,normal,0,4
2490,ransomware,1,8
2491,normal,0,1
2492,normal,0,2
2493,normal,0,4
2494,normal,0,1
2495,normal,0,4
2496,normal,0,1
2497,normal,0,1
2498,normal,0,3
2499,normal,0,1
2500,normal,0,3
2501,normal,0,4
2502,mixer,0,61
2503,normal,0,3
2504,normal,0,3
2505,normal,0,3
2506,exchange,0,144
2507,normal,0,1
2508,normal,0,2
2509,normal,0,1
2510,normal,0,4
2511,normal,0,1
2512,normal,0,1
2513,normal,0,1
2514,normal,0,2
2515,normal,0,1
2516,normal,0,2
2517,normal,0,3
2518,normal,0,4
2519,normal,0,4
2520,normal,0,3
2521,normal,0,4
2522,normal,0,1
2523,normal,0,1
2524,normal,0,4
2525,normal,0,3
2526,normal,0,3
2527,normal,0,3
2528,normal,0,3
2529,normal,0,4
2530,normal,0,2
2531,normal,0,4
2532,normal,0,2
2533,normal,0,2
2534,ransomware,1,4
2535,normal,0,3
2536,normal,0,4
2537,normal,0,2
2538,normal,0,2
2539,normal,0,1
2540,normal,0,1
2541,normal,0,4
2542,normal,0,2
2543,normal,0,2
2544,normal,0,4
2545,normal,0,3
2546,darknet_market,1,7
2547,normal,0,4
2548,normal,0,3
2549,normal,0,2
2550,normal,0,3
2551,normal,0,4
2552,normal,0,3
2553,mixer,0,75
2554,normal,0,3
2555,normal,0,2
2556,normal,0,4
2557,normal,0,4
2558,normal,0,3
2559,normal,0,4
2560,normal,0,2
2561,normal,0,3
2562,normal,0,3
2563,normal,0,2
2564,normal,0,1
2565,normal,0,2
2566,normal,0,1
2567,normal,0,2
2568,normal,0,2
2569,launderer,1,7
2570,normal,0,2
2571,normal,0,1
2572,normal,0,4
2573,normal,0,1
2574,normal,0,1
2575,normal,0,3
2576,normal,0,4
2577,normal,0,1
2578,normal,0,2
2579,normal,0,3
2580,normal,0,1
2581,normal,0,4
2582,normal,0,3
2583,normal,0,1
2584,normal,0,4
2585,normal,0,2
2586,normal,0,3
2587,normal,0,3
2588,normal,0,3
2589,normal,0,2
2590,normal,0,1
2591,normal,0,3
2592,normal,0,2
2593,normal,0,1
2594,normal,0,1
2595,normal,0,1
2596,normal,0,1
2597,normal,0,2
2598,exchange,0,201
2599,mixer,0,55
2600,normal,0,1
2601,normal,0,2
2602,normal,0,3
2603,normal,0,2
2604,normal,0,2
2605,normal,0,2
2606,normal,0,2
2607,normal,0,1
2608,normal,0,1
2609,normal,0,3
2610,normal,0,4
2611,normal,0,2
2612,normal,0,4
2613,normal,0,4
2614,normal,0,2
2615,normal,0,1
2616,normal,0,4
2617,normal,0,4
2618,normal,0,2
2619,normal,0,1
2620,normal,0,2
2621,ransomware,1,3
2622,normal,0,4
2623,normal,0,3
2624,normal,0,4
2625,normal,0,2
2626,normal,0,2
2627,normal,0,4
2628,normal,0,1
2629,normal,0,3
2630,normal,0,4
2631,normal,0,4
2632,normal,0,1
2633,normal,0,3
2634,normal,0,4
2635,normal,0,1
2636,normal,0,3
2637,normal,0,3
2638,normal,0,3
2639,normal,0,3
2640,normal,0,4
2641,normal,0,3
2642,normal,0,2
2643,normal,0,1
2644,normal,0,3
2645,normal,0,1
2646,normal,0,2
2647,normal,0,2
2648,normal,0,2
2649,normal,0,4
2650,launderer,1,13
2651,normal,0,4
2652,normal,0,4
2653,normal,0,3
2654,normal,0,3
2655,normal,0,3
2656,normal,0,3
2657,normal,0,3
2658,normal,0,4
2659,normal,0,1
2660,normal,0,1
2661,normal,0,1
2662,normal,0,1
2663,normal,0,2
2664,normal,0,4
2665,normal,0,4
2666,normal,0,1
2667,normal,0,2
2668,normal,0,2
2669,normal,0,1
2670,normal,0,2
2671,normal,0,2
2672,normal,0,2
2673,normal,0,3
2674,normal,0,2
2675,normal,0,1
2676,normal,0,3
2677,normal,0,3
2678,normal,0,1
2679,normal,0,1
2680,normal,0,2
2681,normal,0,2
2682,normal,0,3
2683,normal,0,3
2684,normal,0,3
2685,normal,0,1
2686,normal,0,1
2687,normal,0,4
2688,normal,0,1
2689,normal,0,4
2690,mixer,0,41
2691,normal,0,4
2692,normal,0,1
2693,scam,1,8
2694,normal,0,4
2695,normal,0,3
2696,normal,0,1
2697,normal,0,4
2698,normal,0,4
2699,normal,0,4
2700,normal,0,4
2701,normal,0,3
2702,normal,0,3
2703,normal,0,3
2704,normal,0,2
2705,normal,0,2
2706,normal,0,4
2707,normal,0,1
2708,normal,0,1
2709,normal,0,2
2710,darknet_market,1,6
2711,normal,0,2
2712,normal,0,4
2713,normal,0,1
2714,normal,0,4
2715,normal,0,2
2716,normal,0,1
2717,launderer,1,8
2718,normal,0,2
2719,normal,0,1
2720,normal,0,1
2721,normal,0,3
2722,normal,0,1
2723,normal,0,4
2724,normal,0,2
2725,normal,0,1
2726,normal,0,2
2727,normal,0,2
2728,normal,0,1
2729,normal,0,3
2730,normal,0,2
2731,normal,0,4
2732,normal,0,4
2733,normal,0,4
2734,normal,0,4
2735,normal,0,3
2736,normal,0,2
2737,normal,0,2
2738,normal,0,1
2739,normal,0,2
2740,normal,0,1
2741,normal,0,4
2742,normal,0,2
2743,normal,0,4
2744,normal,0,1
2745,normal,0,2
2746,normal,0,4
2747,normal,0,4
2748,normal,0,3
2749,normal,0,2
2750,normal,0,2
2751,normal,0,2
2752,normal,0,1
2753,normal,0,3
2754,normal,0,2
2755,normal,0,3
2756,normal,0,1
2757,normal,0,4
2758,normal,0,4
2759,normal,0,1
2760,normal,0,1
2761,normal,0,4
2762,normal,0,3
2763,normal,0,1
2764,normal,0,3
2765,exchange,0,208
2766,normal,0,4
2767,normal,0,2
2768,normal,0,4
2769,launderer,1,9
2770,normal,0,4
2771,normal,0,2
2772,normal,0,1
2773,normal,0,1
2774,normal,0,3
2775,normal,0,1
2776,normal,0,3
2777,normal,0,4
2778,normal,0,3
2779,normal,0,4
2780,normal,0,3
2781,normal,0,3
2782,normal,0,1
2783,normal,0,4
2784,normal,0,4
2785,normal,0,2
2786,normal,0,2
2787,normal,0,1
2788,normal,0,2
2789,normal,0,4
2790,normal,0,4
2791,normal,0,4
2792,normal,0,3
2793,scam,1,10
2794,normal,0,3
2795,normal,0,2
2796,normal,0,3
2797,normal,0,2
2798,normal,0,4
2799,normal,0,1
2800,launderer,1,9
2801,normal,0,4
2802,normal,0,1
2803,normal,0,3
2804,normal,0,4
2805,normal,0,4
2806,normal,0,2
2807,normal,0,3
2808,normal,0,2
2809,normal,0,2
2810,normal,0,3
2811,normal,0,4
2812,normal,0,3
2813,normal,0,4
2814,normal,0,4
2815,normal,0,3
2816,normal,0,1
2817,normal,0,2
2818,normal,0,4
2819,normal,0,4
2820,normal,0,1
2821,normal,0,1
2822,normal,0,2
2823,ransomware,1,10
2824,scam,1,8
2825,normal,0,1
2826,normal,0,1
2827,normal,0,4
2828,normal,0,2
2829,normal,0,3
2830,normal,0,4
2831,normal,0,1
2832,normal,0,4
2833,normal,0,2
2834,normal,0,3
2835,normal,0,2
2836,normal,0,2
2837,normal,0,4
2838,normal,0,3
2839,normal,0,2
2840,normal,0,4
2841,normal,0,4
2842,normal,0,2
2843,normal,0,1
2844,normal,0,1
2845,normal,0,1
2846,normal,0,4
2847,normal,0,3
2848,normal,0,4
2849,normal,0,4
2850,normal,0,3
2851,normal,0,1
2852,normal,0,3
2853,normal,0,4
2854,normal,0,2
2855,normal,0,1
2856,normal,0,4
2857,normal,0,3
2858,normal,0,1
2859,normal,0,2
2860,normal,0,4
2861,normal,0,4
2862,normal,0,2
2863,normal,0,1
2864,normal,0,1
2865,normal,0,1
2866,normal,0,4
2867,normal,0,2
2868,normal,0,2
2869,normal,0,3
2870,normal,0,2
2871,normal,0,3
2872,normal,0,2
2873,normal,0,4
2874,normal,0,1
2875,normal,0,4
2876,normal,0,1
2877,normal,0,1
2878,normal,0,4
2879,normal,0,3
2880,normal,0,4
2881,normal,0,4
2882,normal,0,4
2883,normal,0,1
2884,normal,0,1
2885,normal,0,2
2886,normal,0,3
2887,exchange,0,122
2888,normal,0,3
2889,normal,0,3
2890,normal,0,4
2891,scam,1,4
2892,normal,0,2
2893,normal,0,4
2894,scam,1,11
2895,normal,0,2
2896,darknet_market,1,9
2897,normal,0,2
2898,normal,0,2
2899,normal,0,2
2900,normal,0,4
2901,normal,0,3
2902,normal,0,3
2903,launderer,1,8
2904,normal,0,3
2905,normal,0,2
2906,darknet_market,1,12
2907,normal,0,1
2908,normal,0,3
2909,normal,0,2
2910,normal,0,3
2911,normal,0,3
2912,normal,0,4
2913,normal,0,3
2914,normal,0,4
2915,normal,0,1
2916,normal,0,1
2917,normal,0,1
2918,normal,0,1
2919,normal,0,3
2920,launderer,1,8
2921,normal,0,3
2922,normal,0,1
2923,normal,0,3
2924,normal,0,1
2925,normal,0,1
2926,normal,0,1
2927,normal,0,1
2928,normal,0,3
2929,normal,0,4
2930,normal,0,3
2931,normal,0,1
2932,normal,0,3
2933,normal,0,2
2934,normal,0,1
2935,normal,0,3
2936,normal,0,3
2937,normal,0,2
2938,normal,0,4
2939,normal,0,1
2940,scam,1,8
2941,normal,0,1
2942,normal,0,3
2943,normal,0,3
2944,normal,0,1
2945,normal,0,1
2946,normal,0,1
2947,normal,0,3
2948,ransomware,1,8
2949,normal,0,2
2950,normal,0,3
2951,normal,0,3
2952,normal,0,1
2953,normal,0,3
2954,normal,0,1
2955,normal,0,1
2956,normal,0,2
2957,normal,0,2
2958,normal,0,1
2959,normal,0,4
2960,normal,0,4
2961,darknet_market,1,18
2962,normal,0,4
2963,normal,0,2
2964,normal,0,1
2965,normal,0,3
2966,normal,0,2
2967,normal,0,2
2968,normal,0,4
2969,normal,0,4
2970,normal,0,1
2971,normal,0,2
2972,normal,0,3
2973,normal,0,2
2974,normal,0,1
2975,normal,0,3
2976,normal,0,4
2977,normal,0,3
2978,normal,0,2
2979,normal,0,4
2980,normal,0,1
2981,normal,0,1
2982,normal,0,3
2983,normal,0,3
2984,normal,0,1
2985,normal,0,2
2986,normal,0,3
2987,normal,0,4
2988,normal,0,1
2989,normal,0,4
2990,normal,0,2
2991,normal,0,3
2992,normal,0,1
2993,normal,0,1
2994,normal,0,1
2995,normal,0,1
2996,normal,0,4
2997,normal,0,4
2998,scam,1,11
2999,normal,0,2
