address,source
1NEHDfXLxHhwMogzr1YByqM47vLwqeAS,external_intel_seed
3KrfYErudVSaWkmRQeTKwY7bsv6kXPFJ,external_intel_seed
11wiJ3TjFRU3Y8hBxjVkcoxkkq8EYi2F,external_intel_seed
bc1qdrhn0fhcy72mnfn6fnvelg5w55sgeqjw6qjfhc,external_intel_seed
3dW6gTVk2TkycFENFf837R7BPsrd28Sr,external_intel_seed
1XU7E9kaRnHQNVgniHKwctSPiDk1xAVj,external_intel_seed
1Wqj34XmVxT2yBnfURhTAyMCV3Vgb1ve,external_intel_seed
1hrzdmq3xmven16i4NL1gvCyuJm2UgGi,external_intel_seed
1FnMj6KS3GzSgCWaXfLXQyg4sqoYPoXZ,external_intel_seed
3KGVYiUU7ZD4matQZ447ombXG6LEe6M6,external_intel_seed
1ei1Mg9xvNTZW1LxBUHRgYgP3wob4srL,external_intel_seed
bc1qf7dygj97vwtzvh9uq4tp5eda7wqveeznh0vzec,external_intel_seed
14eSpVr9Ko3pvbtyf2QwhA3tzVb7g78y,external_intel_seed
1xMh3CcABeRWJax6HPwTp1TdsQaWJWSJ,external_intel_seed
1ZSMxD69DMcJamHA4dH6aJKJUnqBr3Jw,external_intel_seed
bc1qyzc5znhpk4gsth6xww6zwn8z27tu306mfxpr4g,external_intel_seed
1od5dFJLCKT9xjpxX79DgFGy4rqTNGDQ,external_intel_seed
3KygUDPEfH43o8ivo3sBFXgUwk1eDLfB,external_intel_seed
bc1qv45swyj3hyk9felmrg20tzxscpn0fcq05zfsnj,external_intel_seed
1rCSP9VSMA6Q6m4yfSZFnuRwttXbc8CX,external_intel_seed
1dRnLzB8Qf3e26RHtDQechoQw4XQc4FT,external_intel_seed
1D81rvcGYarSaH8qjkmgreGW3jkJhEgo,external_intel_seed
1Sj7krTBvtpfJ3MDDvvheaSqxXVLbcVQ,external_intel_seed
1SzLZzXDPFHgH2yPfDdQPNVKaSzqk6HH,external_intel_seed
34QR9i27jpgq3w58qEHbLEFd7DFiCQCa,external_intel_seed
1ezfuEMALn8KFeaxJ282Lkca1VLJaZ48,external_intel_seed
bc1q432hhkqe5drzxty49jysdkqpxspmr6epzkxtve,external_intel_seed
3ioaeaBqgnJYFobXAMefqVAP6nUbXWcZ,external_intel_seed
1u4TJoVSPY7VCZjEmjixzbwsjcYXv7sv,external_intel_seed
3FePtgGH8nZUtsesJm6HubtTySbvT2Za,external_intel_seed
3LDo1uMbUkRPzYFE6u4XjPNBR5A3EEUc,external_intel_seed
1fKbHWabNpkMMkXVHH6iQX8jqdBGZrqL,external_intel_seed
1unUVahNF2JLMRWryyzPieZk5chuSGv9,external_intel_seed
1vCDNjZz3nWkEtwgbtwSJaLRESfJ45um,external_intel_seed
1HgzwrCMozpQ4DHPyCbsP2f39YdkF8j6,external_intel_seed
1DcHj9MrU88vT7kMjqgdngLJpATsm6bJ,external_intel_seed
1Kx2tSKJMVkmapc2qoE9MA7BgEtUJSX4,external_intel_seed
1CAxHtR72YzcKALdi3gEBXWqZWgpWp4k,external_intel_seed
1HJXr8Tvo6gsoZAXDtLtb6Ezror53HN3,external_intel_seed
1zY9xHbtrViNMGqJeNg7GUSrfMF7igxt,external_intel_seed
bc1q4u0aveh5rjde0t34de4dvpp2n9cl77la2tuy37,external_intel_seed
1AB2kTba8McLSG6NNEyrQtCnutgT68Xw,external_intel_seed
1befRQG2iEFzibxFcaWR2ygpCrgQKbCw,external_intel_seed
3Khv6dZJBDQCYStGYjLvUntXkK1Dt3ab,external_intel_seed
3HnPaXwm4tAEq2Xhs53pNRL3p2TVL7Qa,external_intel_seed
1D7QiRKiHeACTscHa8Swx6aBP3unrx5a,external_intel_seed
